"","rsid","chromosome","position","genotype"
"1","rs618369","1",44071796,"TT"
"2","rs11210888","1",44076630,"CC"
"3","rs78168631","1",44084108,"GG"
"4","rs786237","2",145707035,"TT"
"5","rs115820917","2",145718216,"CC"
"6","rs75430906","3",20717929,"GG"
"7","rs56286961","3",20727350,"AA"
"8","rs17007409","3",20727885,"TT"
"9","rs6790689","3",20731156,"AG"
"10","rs80293124","3",20731583,"AA"
"11","rs11916441","3",20733194,"TT"
"12","rs7614885","3",43682052,"TT"
"13","rs4234430","3",43682950,"GG"
"14","rs9856765","3",43688012,"GG"
"15","rs150582262","3",43698898,"CC"
"16","rs61689372","3",49909442,"AA"
"17","rs140387785","3",49912569,"AA"
"18","rs16943","3",51874679,"CC"
"19","rs56238933","3",71493077,"CC"
"20","rs6771130","3",71496008,"TT"
"21","rs142841632","3",71497198,"CC"
"22","rs141865285","3",71503349,"GG"
"23","rs11720980","3",71505650,"CC"
"24","rs61154009","3",71507872,"CC"
"25","rs17023716","3",87020552,"CC"
"26","rs6826534","4",112208694,"TT"
"27","rs721093","4",112208884,"CC"
"28","rs6833281","4",112209616,"CT"
"29","rs117322539","4",112213223,"GT"
"30","rs2172088","4",112215549,"CG"
"31","rs4833619","4",112217944,"CC"
"32","rs11934873","4",112222951,"AA"
"33","rs10026336","4",112223649,"GG"
"34","rs12511401","4",112224576,"CT"
"35","rs116371727","4",147092638,"--"
"36","rs7665079","4",147098127,"TT"
"37","rs41463144","4",147101442,"CC"
"38","rs17421627","5",87847586,"TT"
"39","rs12514611","5",87860846,"CT"
"40","rs324884","5",87861100,"AG"
"41","rs6596579","5",103958798,"CC"
"42","rs111314066","5",144469907,"AA"
"43","rs7701620","5",144470619,"GG"
"44","rs17102698","5",144480713,"GG"
"45","rs78883938","5",144484338,"GG"
"46","rs9342783","6",70852493,"AG"
"47","rs9454991","6",70854736,"TT"
"48","rs3806040","6",70860725,"AA"
"49","rs3806041","6",70860739,"AC"
"50","rs112141952","6",70861604,"GG"
"51","rs6928404","6",70861994,"GT"
"52","rs116925409","6",70866890,"CC"
"53","rs73145558","7",67676055,"TT"
"54","rs62457272","7",67676152,"GG"
"55","rs12698678","7",67686930,"TT"
"56","rs3113160","7",67691197,"GG"
"57","rs3113067","7",67693803,"TT"
"58","rs141384461","7",114168208,"CC"
"59","rs10755939","8",93268649,"AG"
"60","rs2339584","8",93274690,"GG"
"61","rs74320382","8",93275947,"CC"
"62","rs187569041","8",93279701,"GG"
"63","rs1444503","8",93279765,"GG"
"64","rs12679368","8",93286159,"AA"
"65","rs116878073","8",93286354,"CC"
"66","rs111791491","8",145794346,"--"
"67","rs12114964","8",145801188,"TT"
"68","rs59205073","8",145803109,"CC"
"69","rs150607839","8",145808467,"CC"
"70","rs116594927","8",145809064,"CC"
"71","rs59783952","8",145809784,"AA"
"72","rs7922908","10",8777008,"CC"
"73","rs7071899","10",8780484,"TT"
"74","rs7911594","10",8786343,"CC"
"75","rs3897990","10",8788270,"AA"
"76","rs2151971","10",106445916,"TT"
"77","rs9943297","10",106450395,"GG"
"78","rs150493716","10",106454610,"GG"
"79","rs143806603","10",106458173,"CC"
"80","rs12416283","10",106463771,"GG"
"81","rs74995844","11",28592740,"--"
"82","rs138314496","11",28596832,"DD"
"83","rs34520864","12",89764064,"CC"
"84","rs770081","12",89765885,"AA"
"85","rs149083488","12",89766675,"AA"
"86","rs7311138","12",89768994,"GG"
"87","rs117381219","12",89769567,"TT"
"88","rs12369904","12",89771515,"CC"
"89","rs17362991","12",89778026,"GG"
"90","rs704084","12",89778237,"TT"
"91","rs7305095","12",89779997,"CT"
"92","rs4905656","14",98684731,"TT"
"93","rs1257917","14",98686768,"AA"
"94","rs7157627","14",98689166,"TT"
"95","rs1780864","14",98694584,"GG"
"96","rs1257929","14",98694758,"GG"
"97","rs3784851","16",61958630,"CT"
"98","rs16964087","16",61963340,"CC"
"99","rs12599062","16",61964097,"GG"
"100","rs140835389","16",61968289,"AA"
"101","rs8058677","16",61968305,"CT"
"102","rs6498815","16",61976545,"CT"
"103","rs8089589","18",5867821,"CC"
"104","rs35460926","18",5868959,"TT"
"105","rs7226489","18",5871129,"AA"
"106","rs6506343","18",5871420,"CC"
"107","rs7505112","18",5872695,"AA"
"108","rs117923442","18",5874514,"CC"
"109","rs34741725","18",5875109,"TT"
"110","rs145544994","18",5875967,"GG"
"111","rs8088919","18",5881416,"AA"
"112","rs35585120","18",50622015,"CC"
"113","rs9959803","18",50622904,"CC"
"114","rs75441300","18",50624263,"GG"
"115","rs138162702","18",50629072,"--"
"116","rs111481855","18",50634579,"CC"
"117","rs113970962","20",21252803,"GG"
